{
    "loss": 8.25877857208252,
    "accuracy": 0.3076923191547394
}