{
    "loss": 45.84836959838867,
    "accuracy": 0.3186813294887543
}